Model,cm,acc,balanced_acc,precision,recall,f-score,support
"MLP-sigmoid-0.01-(5,)",[0.9375     0.0625     0.05555556 0.94444444],0.94,0.9409722222222222,0.9312393887945671,0.9409722222222222,0.9356499356499357,
"MLP-relu-0.01-(5,)",[1.         0.         0.05555556 0.94444444],0.98,0.9722222222222222,0.9848484848484849,0.9722222222222222,0.9780219780219781,
"MLP-sigmoid-0.001-(5,)",[0.9375     0.0625     0.11111111 0.88888889],0.92,0.9131944444444444,0.9131944444444444,0.9131944444444444,0.9131944444444444,
"MLP-sigmoid-0.01-(10, 5, 5)",[0.96875    0.03125    0.05555556 0.94444444],0.96,0.9565972222222222,0.9565972222222222,0.9565972222222222,0.9565972222222222,
