Model,cm,acc,balanced_acc,precision,recall,f-score,support
"MLP-sigmoid-0.0001-(16, 16)",[0.94444444 0.05555556 1.         0.        ],0.85,0.4722222222222222,0.4473684210526316,0.4722222222222222,0.4594594594594595,
"MLP-sigmoid-0.01-(5,)",[0.5 0.5 1.  0. ],0.45,0.25,0.4090909090909091,0.25,0.31034482758620685,
"MLP-sigmoid-0.001-(32,)",[0.5 0.5 0.5 0.5],0.5,0.5,0.5,0.5,0.40476190476190477,
"MLP-relu-0.01-(32,)",[0.72222222 0.27777778 1.         0.        ],0.65,0.3611111111111111,0.43333333333333335,0.3611111111111111,0.39393939393939387,
"MLP-sigmoid-0.01-(64, 32, 32)",[0.5 0.5 0.5 0.5],0.5,0.5,0.5,0.5,0.40476190476190477,
