Model,cm,acc,balanced_acc,precision,recall,f-score,support
"MLP-sigmoid-0.0001-(64, 32, 32)","[0.9532967  0.0467033  0.         0.         0.         0.
 0.         0.078125   0.86458333 0.05729167 0.         0.
 0.         0.         0.00167224 0.04347826 0.89464883 0.06020067
 0.         0.         0.         0.         0.         0.05172414
 0.84827586 0.1        0.         0.         0.         0.
 0.         0.2016129  0.68548387 0.11290323 0.         0.
 0.         0.         0.         0.43243243 0.45945946 0.10810811
 0.         0.         0.         0.         0.         0.72727273
 0.27272727]",0.8655,0.7112107616121307,0.7201077717644317,0.7112107616121307,0.7126537754001301,
